description,vector
"A young boy discovers he has magical powers in a hidden world, where he must battle dark forces to protect his friends and defeat an ancient evil threatening both worlds.","[0.04130673408508301, 0.05484999716281891, -0.0822603702545166, 0.014626780524849892, 0.006967421155422926, -0.11756981909275055, -0.08255841583013535, 0.005929597653448582, -0.09145550429821014, 2.566680908203125, -0.11993764340877533, -0.06170310080051422, -0.12172424048185349, -0.030925540253520012, -0.06433388590812683, -0.01378643698990345, -0.022071469575166702, 0.7524526715278625, -0.1435023993253708, -0.028140876442193985, 0.07427011430263519, -0.15201030671596527, -0.13028529286384583, 0.011964870616793633, 0.029808053746819496, -0.08112875372171402, 0.02496321313083172, -0.023848997429013252, -0.072664275765419, 0.05251455307006836, -0.13342364132404327, 0.1430174857378006, -0.153371661901474, 0.01822209358215332, 0.1980421096086502, -0.1700648069381714, 0.07014678418636322, -0.03129490837454796, 0.023438502103090286, -0.15735585987567902, 0.06090126186609268, -0.02496310882270336, 0.08717428147792816, -0.15011514723300934, 0.08425319194793701, -0.021312052384018898, -0.06708047538995743, 0.058983612805604935, -4.50783409178257e-05, -0.10582525283098221, 0.01424975786358118, 0.04811565577983856, -0.11956654489040375, 0.06677703559398651, 0.03798145428299904, 0.18927176296710968, -0.02536167949438095, 0.10141696780920029, 0.12269971519708633, -0.02630281262099743, 0.03706768900156021, 0.09424339234828949, 0.04800136014819145, -0.017797693610191345, 0.010136435739696026, 0.04853043705224991, -0.01977883093059063, -0.012987843714654446, 0.035548899322748184, 0.07093677669763565, -0.10876170545816422, -0.00812118873000145, 0.09256400913000107, -0.10317942500114441, -0.05587384104728699, -0.008488843217492104, -0.006444614380598068, -0.1991010308265686, -0.05376274883747101, 0.1292245090007782, -0.09440209716558456, 0.038499198853969574, -0.16144153475761414, 0.08915604650974274, 0.10429380089044571, -0.23167559504508972, -0.14044523239135742, -0.15009580552577972, -0.007907809689640999, 0.01951451785862446, -0.11320801824331284, 0.1217416524887085, -0.07597585022449493, 0.06284453719854355, 0.07178287953138351, -0.10843493789434433, 0.011421818286180496, -0.04158370941877365, -0.11232995986938477, -0.01545284315943718, 0.11935755610466003, 0.1430535763502121, -0.039730560034513474, -0.07896079868078232, -0.03541596978902817, -0.8595788478851318, -0.09572990983724594, 0.1772753894329071, 0.062182504683732986, -0.014244004152715206, 0.14263039827346802, -0.02762044221162796, -0.11321352422237396, -0.11127647757530212, -0.05377689749002457, 0.19448401033878326, 0.049683526158332825, 0.11099687963724136, -0.09744584560394287, -0.06595131754875183, -0.012098182924091816, -0.09827624261379242, 0.140970379114151, -0.034723054617643356, -0.0356745682656765, 0.02837071567773819, -0.0023271525278687477, -0.08469661325216293]"
"In a dystopian future, society is divided into strict social classes. One girl dares to defy the system, sparking a revolution that could change everything, but at a great personal cost.","[-0.02657707966864109, 0.18438927829265594, 0.0019930051639676094, 0.01951264590024948, 0.09568972885608673, -0.026464411988854408, -0.030327240005135536, -0.043228521943092346, -0.0032228671479970217, 2.245802402496338, -0.21918529272079468, 0.010454722680151463, -0.006880788132548332, 0.06560584902763367, -0.0792432427406311, -0.034098342061042786, -0.09195853024721146, 1.1034047603607178, -0.18490929901599884, 0.016301440075039864, -0.06019517406821251, -0.07651060074567795, -0.003888058476150036, -0.026547832414507866, 0.020888442173600197, 0.05601496994495392, 0.010899214074015617, 0.041346121579408646, 0.06821140646934509, -0.024165108799934387, -0.019526245072484016, 0.09020108729600906, 0.002215556800365448, 0.019141893833875656, 0.17285257577896118, -0.06394879519939423, 0.10965581983327866, -0.03492629900574684, -0.02384239062666893, -0.08977506309747696, 0.07855066657066345, 0.15342842042446136, -0.000995496055111289, -0.03152545914053917, 0.020375054329633713, 0.01725710742175579, -0.1465117484331131, -0.03035140037536621, -0.02334935963153839, -0.0643748864531517, -0.06123444065451622, 0.11934433877468109, -0.05941026657819748, 0.07327589392662048, 0.02781086228787899, 0.034655261784791946, 0.05718435347080231, -0.05499102175235748, 0.08363381028175354, -0.07672390341758728, 0.027001164853572845, 0.06313740462064743, 0.045574333518743515, 0.08214113116264343, 0.05253533646464348, -0.059168629348278046, -0.07176139950752258, 0.050626084208488464, -0.005360384006053209, 0.0799579992890358, -0.008959655649960041, -0.06360699981451035, 0.046834781765937805, -0.06267183274030685, 0.013092000968754292, -0.02000078372657299, 0.04350005090236664, -0.10626738518476486, -0.03640874847769737, 0.2728722095489502, -0.09448092430830002, 0.032901495695114136, -0.09559079259634018, -0.026715120300650597, 0.0731244757771492, -0.13078157603740692, -0.13900870084762573, -0.08980527520179749, 0.23551957309246063, 0.0043980637565255165, -0.15525008738040924, 0.07601267099380493, -0.01692960038781166, 0.04177432879805565, -0.013764585368335247, 0.01726149581372738, 0.009596009738743305, 0.08076681196689606, -0.03167889267206192, -0.0013490827986970544, 0.00853675790131092, 0.03528163954615593, -0.12834368646144867, -0.15035668015480042, 0.05263949930667877, -0.9039233326911926, -0.004284643568098545, 0.07203825563192368, -0.05862880498170853, 0.05359238013625145, 0.010081928223371506, -0.11652480065822601, 0.057473745197057724, -0.14326369762420654, -0.09699106216430664, -0.03475078567862511, -0.007820670492947102, -0.036827996373176575, -0.08473343402147293, -0.05419430509209633, -0.01639653742313385, -0.0846979096531868, -0.0008915302460081875, 0.029924048110842705, -0.014145556837320328, 0.1467752903699875, -8.148782944772393e-05, -0.11863235384225845]"
"A group of astronauts journey to a distant planet to investigate a strange anomaly. What they find will challenge their understanding of life, space, and their own humanity.","[0.03629384934902191, 0.10785172134637833, -0.16370271146297455, 0.049182042479515076, 0.05444604903459549, 0.003620089963078499, -0.07091476768255234, 0.03479926660656929, -0.028245732188224792, 2.404548168182373, -0.1651800274848938, -0.059683263301849365, 0.048490047454833984, 0.07182896882295609, -0.09522591531276703, -0.0528937466442585, -0.09399578720331192, 1.0976084470748901, -0.22916768491268158, -0.09091422706842422, 0.06053571775555611, -0.061535511165857315, -0.08100898563861847, 0.019230231642723083, 0.09150782972574234, 0.04354007542133331, 0.08907215297222137, 0.009008524939417839, 0.11040028929710388, 0.059420373290777206, 0.008824008516967297, 0.0595451220870018, -0.08842544257640839, 0.11110449582338333, 0.12078998982906342, -0.10461652278900146, 0.07818468660116196, -0.0269467830657959, -0.019785240292549133, -0.09355732798576355, 0.032193657010793686, -0.005354271270334721, 0.024768192321062088, -0.022150717675685883, 0.03333962708711624, -0.12419666349887848, -0.12689906358718872, 0.04458770155906677, -0.011727684177458286, -0.004477514885365963, 0.016439715400338173, -0.032328080385923386, -0.025869011878967285, -0.0161934532225132, 0.10583805292844772, 0.0532771460711956, -0.04696102440357208, 0.004421212710440159, 0.06529758125543594, -0.014945441856980324, 0.11529140174388885, 0.03360113874077797, 0.001354738138616085, 0.05767781287431717, -0.0013180989772081375, -0.08856388181447983, -0.05433168262243271, 0.05039084330201149, 0.006990562193095684, 0.15685874223709106, 0.0744968131184578, 0.01749080792069435, 0.16302114725112915, -0.06366965174674988, 0.053427450358867645, 0.01721533201634884, 0.0086290892213583, -0.1697992980480194, 2.9090791940689087e-05, 0.15972647070884705, -0.13681191205978394, 0.03323602303862572, -0.12694436311721802, 0.03820805251598358, 0.11110282689332962, -0.30177268385887146, -0.2728559672832489, -0.10394947230815887, 0.20010541379451752, 0.07419787347316742, -0.16886436939239502, 0.11231401562690735, -0.10417605936527252, 0.0697568878531456, -0.043499529361724854, 0.059915315359830856, -0.10634615272283554, -0.02296353131532669, -0.06505387276411057, -0.0035552841145545244, 0.04862699285149574, -0.00395330972969532, 0.0086208526045084, -0.08070925623178482, 0.007102120202034712, -0.9431178569793701, 0.1041533499956131, 0.11509709805250168, 0.07785868644714355, 0.1555984765291214, 0.13130764663219452, -0.02286120504140854, 0.08518140763044357, -0.13497476279735565, 0.049887098371982574, 0.05630355328321457, 0.05466577410697937, 0.06263820081949234, 0.03580702841281891, -0.0019656866788864136, 0.08509408682584763, -0.09370027482509613, -0.01586516574025154, 0.022534705698490143, 0.09186358749866486, 0.01918443664908409, -0.02989412657916546, -0.0359494574368]"
"A young detective unravels a web of mystery and intrigue in a small town, where no one is who they seem. The case pushes him to his limits, testing his intelligence and morals.","[-0.005772726144641638, 0.1527411937713623, -0.10295227915048599, -0.031911011785268784, 0.10199353843927383, -0.01644548587501049, -0.018235431984066963, -0.16034312546253204, 0.04222698137164116, 2.430492877960205, -0.1474786400794983, 0.006324325688183308, 0.027003353461623192, -0.020329061895608902, -0.11091339588165283, -0.10174582898616791, -0.028153274208307266, 0.9169448614120483, -0.06096132844686508, -0.11495724320411682, 0.049554239958524704, -0.10168232023715973, -0.08178441971540451, -0.03836250677704811, 0.12557046115398407, -0.04952898249030113, 0.010553664527833462, 0.02344760112464428, 0.044218555092811584, -0.037783194333314896, -0.03272033855319023, 0.05919245257973671, -0.11894641071557999, 0.02815193496644497, 0.20767323672771454, -0.16873258352279663, 0.04584022983908653, 0.012816171161830425, -0.0369182787835598, -0.13354814052581787, 0.0784049779176712, 0.05314546823501587, 0.0753687173128128, -0.16001500189304352, 0.11113583296537399, -0.02457456663250923, -0.08262767642736435, -0.013210546225309372, 0.016842465847730637, -0.027247445657849312, 0.07629034668207169, 0.039315082132816315, -0.08713509887456894, -0.0030144639313220978, -0.028420567512512207, 0.1080489307641983, 0.052740827202796936, -0.02497994154691696, 0.051705505698919296, -0.09233617037534714, 0.032983481884002686, 0.0808284804224968, 0.04950781539082527, 0.0912054181098938, 0.09147756546735764, -0.11486440151929855, -0.0437154583632946, 0.01071767695248127, 0.015743432566523552, 0.16716215014457703, -0.026190541684627533, 0.018743814900517464, 0.10378097742795944, 0.02752167545258999, -0.02494475618004799, -0.05645088851451874, 0.0387151874601841, -0.12340902537107468, -0.01785784587264061, 0.20399661362171173, -0.09514682739973068, -0.016745656728744507, -0.12373260408639908, -0.0664459764957428, 0.021444866433739662, -0.1448182761669159, -0.07177837193012238, -0.0975557342171669, 0.21883833408355713, 0.07445535063743591, -0.08674442768096924, 0.07373151928186417, -0.07158803194761276, 0.0017502423143014312, 0.12187136709690094, -0.05521523579955101, -0.08204783499240875, -0.03226982057094574, -0.06161985546350479, -0.035167571157217026, 0.014874555170536041, 0.06965663284063339, -0.11069247871637344, -0.032322198152542114, 0.07189245522022247, -0.8427138328552246, -0.007300938945263624, 0.11158360540866852, 0.05282464995980263, 0.0116110322996974, 0.11920212209224701, 0.04667578265070915, 0.0040038409642875195, -0.10190282016992569, -0.028757506981492043, 0.0438472218811512, -0.029153862968087196, -0.04288771003484726, 0.022804470732808113, -0.02491396851837635, 0.08645078539848328, -0.07875144481658936, -0.015522641129791737, -0.015097226947546005, 0.04156683757901192, 0.11551253497600555, -0.07561857998371124, -0.10643752664327621]"
"In a world where technology controls everything, one rebel hacker seeks to expose the truth. As she digs deeper, she uncovers secrets that could destroy everything she knows.","[-0.001052049221470952, 0.16252557933330536, -0.04794668033719063, 0.016636593267321587, 0.046502113342285156, 0.0036192676052451134, -0.11632873862981796, -0.05640089884400368, -0.041380465030670166, 2.361722707748413, -0.15148504078388214, -0.04271099716424942, -0.06738284230232239, -0.03977705165743828, -0.08338160067796707, -0.033426254987716675, -0.06222983077168465, 0.8583138585090637, -0.21331799030303955, -0.019083313643932343, 0.07696337252855301, 0.008262026123702526, -0.0831228494644165, -0.06507395952939987, 0.01893090456724167, 0.0680210292339325, 0.033288829028606415, 0.0401398129761219, -0.013846380636096, -0.019319647923111916, -0.07784603536128998, 0.14210887253284454, -0.07418479770421982, 0.07312875986099243, 0.21491020917892456, -0.10005635023117065, 0.026996614411473274, 0.0776444673538208, 0.0006865006871521473, -0.05479789152741432, 0.038475118577480316, 0.011675499379634857, 0.10422778874635696, -0.15158186852931976, -0.006373310927301645, -0.009216549806296825, -0.0883668065071106, -0.03155956417322159, -0.0304371677339077, -0.05407453328371048, -0.024822592735290527, 0.08008003234863281, -0.14782112836837769, 0.1099274680018425, 0.03273387625813484, 0.014379523694515228, 0.05224534496665001, 0.03263936936855316, 0.18251298367977142, -0.04173668101429939, 0.03163185715675354, 0.01832408644258976, 0.08308281749486923, 0.03562818840146065, 0.04991832375526428, -0.16554740071296692, -0.008165638893842697, 0.0844094380736351, 0.07041774690151215, 0.02397172339260578, -0.06308259814977646, 0.022027570754289627, 0.16102084517478943, -0.044908251613378525, -0.18557630479335785, -0.013200088404119015, -0.03724067285656929, -0.14246223866939545, -0.012624220922589302, 0.15860146284103394, -0.02509162202477455, -0.049751099199056625, -0.1739324927330017, -0.03617240488529205, 0.03634963184595108, -0.2738453149795532, -0.08298435062170029, -0.17831818759441376, 0.12755949795246124, 0.1175021380186081, 0.03597688302397728, 0.0519210547208786, -0.11507376283407211, 0.07947512716054916, 0.12856332957744598, -0.016470711678266525, -0.04434112459421158, -0.03717099875211716, -0.1705627739429474, -0.046924591064453125, 0.099545419216156, 0.07222232222557068, -0.04035985842347145, -0.08918579667806625, 0.056657299399375916, -0.877435028553009, -0.031939975917339325, 0.1439707726240158, -0.11447743326425552, 0.023684989660978317, 0.11824995279312134, 0.04935414344072342, 0.04612687602639198, -0.10234540700912476, -0.06149425357580185, 0.03554300591349602, 0.009835842996835709, 0.0003882930614054203, -0.02934226766228676, -0.20566613972187042, 0.042683832347393036, -0.0812510997056961, 0.05576418712735176, -0.020763207226991653, 0.015312537550926208, 0.04365798830986023, -0.03678702563047409, -0.21702246367931366]"
"A young woman discovers an old journal containing mysterious instructions. As she follows them, she begins to uncover long-forgotten family secrets that change her life forever.","[0.07647403329610825, 0.1724608987569809, -0.2066062092781067, 0.06622347980737686, -0.01915755122900009, 0.025503357872366905, -0.07888331264257431, -0.15975616872310638, -0.034380219876766205, 2.4022700786590576, -0.22013017535209656, 0.10427394509315491, -0.08063485473394394, -0.11896183341741562, -0.04993630573153496, -0.0089111952111125, -0.010734648443758488, 0.9947085380554199, -0.12775824964046478, -0.0210562776774168, 0.06889591366052628, -0.0764562264084816, -0.14279203116893768, 0.05322236195206642, 0.1252666711807251, 0.07198793441057205, 0.07217174768447876, -0.03676130995154381, 0.02955605648458004, -0.023367132991552353, -0.1097089946269989, 0.10941911488771439, -0.029101552441716194, 0.025369707494974136, 0.14869971573352814, -0.024870194494724274, 0.12005563080310822, 0.0018587401136755943, -0.0085914833471179, -0.008172803558409214, 0.08286643773317337, -0.05329415947198868, 0.12293750792741776, -0.16997162997722626, -0.012792974710464478, 0.057771772146224976, -0.08982156962156296, -0.07431431114673615, 0.07437226921319962, -0.047037459909915924, -0.10953480750322342, -0.0373852401971817, -0.12508949637413025, -0.027167392894625664, 0.04135187715291977, 0.09024464339017868, 0.09305061399936676, -0.043211717158555984, 0.07536293566226959, -0.03493930399417877, 0.05369873344898224, 0.004049810115247965, 0.052742380648851395, -0.030368831008672714, -0.008351673372089863, -0.04397600144147873, -0.048018693923950195, 0.09798751026391983, 0.03702168166637421, 0.21726445853710175, -0.04906366392970085, -0.07330042868852615, 0.04849253222346306, -0.03893947973847389, 0.0667068287730217, 0.1298932582139969, 0.046359289437532425, -0.13278670608997345, -0.09013593941926956, 0.014649379067122936, -0.032838936895132065, 0.011418926529586315, -0.3069820702075958, -0.016683144494891167, 0.02878100425004959, -0.278149276971817, 0.07262605428695679, -0.14267782866954803, 0.16669856011867523, 0.17978958785533905, -0.12325245141983032, 0.11275143921375275, -0.09178996831178665, -0.03164495900273323, -0.0108414925634861, -0.06344819813966751, -0.055259741842746735, -0.02602519653737545, -0.09573682397603989, -0.14581456780433655, 0.08763393014669418, 0.030677499249577522, 0.01954512856900692, -0.11904622614383698, -0.02986220270395279, -0.6612693667411804, -0.04680727422237396, 0.1561601758003235, 0.13301333785057068, 0.0032590385526418686, 0.18423256278038025, 0.12260915338993073, 0.0369805209338665, -0.11468630284070969, -0.06971224397420883, -0.02467135712504387, -0.06501893699169159, 0.08295958489179611, -0.005790939088910818, 0.01203215029090643, 0.026443088427186012, -0.12556393444538116, 0.03762732446193695, 0.027262220159173012, 0.009886226616799831, 0.12065901607275009, 0.0007081315270625055, -0.11227575689554214]"
"A group of survivors in a post-apocalyptic world must navigate through harsh conditions, facing both human and environmental threats. Trust and survival are their only weapons in a shattered world.","[-0.10377156734466553, 0.09218152612447739, -0.09596720337867737, 0.06282252073287964, 0.029033027589321136, -0.11880479753017426, -0.015515292063355446, 0.13707900047302246, -0.010789674706757069, 2.3385629653930664, -0.1961720883846283, -0.05694836750626564, -0.00028017759905196726, -0.029942162334918976, -0.1006513386964798, 0.025678088888525963, -0.045329976826906204, 1.1244136095046997, -0.23842167854309082, -0.019226038828492165, -0.04968952015042305, -0.08749198168516159, -0.0016170275630429387, 0.0006673848256468773, 0.07588505744934082, 0.020595569163560867, 0.017649225890636444, 0.06645049154758453, 0.024670381098985672, 0.06087150052189827, -0.039251189678907394, 0.024754201993346214, -0.1084812730550766, -4.5346150727709755e-05, 0.15578164160251617, -0.09418763965368271, 0.08981144428253174, -0.02174408733844757, -0.035949114710092545, -0.026656916365027428, 0.03079729713499546, 0.041228048503398895, 0.04825471714138985, -0.055385421961545944, 0.031816516071558, -0.035771287977695465, -0.17578387260437012, 0.055696625262498856, 0.0411231704056263, -0.0015082316240295768, -0.06647872924804688, 0.05316782742738724, -0.06708657741546631, -0.003953258041292429, -0.07672308385372162, 0.10587332397699356, -0.09691999852657318, -0.0463821142911911, 0.094423308968544, -0.037150997668504715, 0.03393767401576042, 0.09138695150613785, -0.06841371208429337, 0.028621265664696693, 0.027395514771342278, -0.032424356788396835, -0.0563938282430172, 0.016202282160520554, -0.017712034285068512, 0.13126397132873535, -0.018686626106500626, -0.012126284651458263, 0.1363515406847, 0.11870686709880829, 0.04489164799451828, -0.06573890894651413, 0.03446948528289795, -0.11275605112314224, -0.006211515050381422, 0.12809710204601288, -0.09557205438613892, 0.05944237858057022, -0.12762613594532013, 0.01105742622166872, 0.0799381360411644, -0.20859217643737793, -0.27296507358551025, -0.09391503781080246, 0.0649309754371643, 0.05132715776562691, -0.12613369524478912, 0.09021426737308502, -0.04816744104027748, 0.0070479316636919975, 0.04750056564807892, -0.02870412915945053, -0.0014360317727550864, 0.019338015466928482, 0.0157169196754694, -0.07243159413337708, 0.04760025441646576, 0.07544953376054764, -0.08327958732843399, -0.09099313616752625, 0.06609203666448593, -0.9539037346839905, -0.09543775022029877, 0.08870494365692139, -0.0050320071168243885, -0.012292176485061646, 0.1458512544631958, -0.07149628549814224, 0.06281381100416183, -0.15168149769306183, -0.08997537940740585, 0.011141013354063034, 0.11005222797393799, 0.10655821859836578, -0.021827196702361107, -0.07317864894866943, -0.052456509321928024, 0.023250263184309006, 0.07232435792684555, -0.12004319578409195, -0.009107330814003944, 0.04543323814868927, 0.01765517331659794, -0.010656488128006458]"
"Set during the Civil War, this epic novel follows a soldier's journey as he battles both external enemies and his own internal struggles, questioning the cost of war and the meaning of loyalty.","[-0.04927391931414604, 0.09827901422977448, 0.014632461592555046, -0.015085842460393906, -0.0027309060096740723, -0.058698493987321854, -0.042819228023290634, 0.048124734312295914, -0.00048004291602410376, 2.477376937866211, -0.1019492894411087, -0.04638431593775749, 0.06743191182613373, -0.027510864660143852, 0.030119141563773155, -0.017700064927339554, -0.050934597849845886, 0.899887204170227, -0.27479109168052673, -0.02323259226977825, 0.02646077424287796, -0.03906763345003128, -0.047030381858348846, -0.09565572440624237, 0.07603518664836884, -0.001228463021107018, 0.019212085753679276, 0.03744779899716377, -0.0961313247680664, 0.1510956734418869, -0.009232399053871632, 0.1236254945397377, -0.1727037876844406, 0.0751076489686966, 0.08297090232372284, -0.14582662284374237, 0.025836827233433723, -0.05793045833706856, 0.02405107580125332, -0.11693954467773438, 0.043349821120500565, 0.06697019189596176, 0.0742899551987648, -0.060258857905864716, 0.04409698396921158, -0.07915262877941132, -0.13942815363407135, 0.15103089809417725, -0.0033722943626344204, 0.07691659778356552, 0.09095628559589386, 0.0040027424693107605, -0.09767277538776398, 0.05395983159542084, -0.07201909273862839, 0.1487746387720108, -0.0038157927338033915, -0.04591009393334389, 0.07742798328399658, -0.1387929469347, 0.03214440494775772, 0.11911694705486298, 0.05990981310606003, 0.06307767331600189, 0.059832554310560226, -0.01467022392898798, 0.012482580728828907, 0.03197059407830238, -0.027022188529372215, 0.07258936762809753, 0.0012314033228904009, 0.002767422702163458, 0.02221997082233429, -0.01625879667699337, 0.07803124189376831, -0.03917641565203667, 0.030688881874084473, -0.06337075680494308, -0.08086838573217392, 0.12989306449890137, -0.052712175995111465, 0.014751913957297802, 0.008688889443874359, -0.02347477152943611, 0.11525217443704605, -0.13259471952915192, -0.3359106183052063, -0.21971797943115234, 0.11620883643627167, 0.019546037539839745, -0.170197531580925, 0.003511051880195737, -0.06972471624612808, 0.03306642919778824, 0.09539330005645752, -0.12168038636445999, -0.04638439416885376, -0.043128617107868195, -0.046150755137205124, -0.08066200464963913, 0.05775454267859459, -0.01101417001336813, -0.10604813694953918, -0.13065309822559357, -0.03665661811828613, -0.8695058226585388, -0.06624709814786911, 0.19196867942810059, 0.07990078628063202, -0.06086275354027748, -0.05010642483830452, -0.05015324056148529, 0.0901125818490982, -0.07130730152130127, -0.06757806986570358, -0.020856646820902824, -0.011629943735897541, 0.050737228244543076, -0.05082402005791664, 0.007403174880892038, 0.006275208201259375, -0.08135486394166946, -0.05073059722781181, 0.1518222689628601, -0.02100331522524357, 0.05695377662777901, -0.07830970734357834, 0.007278003264218569]"
"An ambitious scientist discovers a way to reverse aging. But his discovery comes with unforeseen consequences, and he must grapple with moral dilemmas that could alter the course of history.","[-0.011677483096718788, 0.09316805005073547, -0.10792028903961182, 0.0006762724951840937, -0.08964482694864273, 0.04295722395181656, -0.08461643010377884, -0.0059176478534936905, 0.002756956033408642, 2.3632802963256836, -0.1918070763349533, 0.02358630858361721, 0.04054206237196922, 0.07428020238876343, -0.041578177362680435, -0.08349975943565369, -0.008866770192980766, 0.9128996133804321, -0.13582947850227356, -0.07384587824344635, -0.010122031904757023, -0.12093611061573029, -0.12400274723768234, -0.0025744533631950617, 0.11913809180259705, 0.051679521799087524, 0.05960095301270485, 0.04467817023396492, -0.05004383996129036, -0.026232104748487473, -0.11450742930173874, 0.13455744087696075, -0.08246655017137527, 0.034366149455308914, 0.16970497369766235, -0.11996769160032272, 0.14656499028205872, -0.0252244770526886, 0.036704957485198975, -0.08169186115264893, 0.08334312587976456, -0.020753661170601845, 0.03600582107901573, -0.08102317154407501, -0.007410671561956406, -0.01400133315473795, -0.13943149149417877, -0.0264542605727911, -0.02028135396540165, -0.025215059518814087, 0.07158195972442627, 0.008183403871953487, -0.01725674420595169, -0.04431144520640373, 0.045620452612638474, 0.07779128849506378, 0.018822818994522095, -0.026313241571187973, 0.02436233125627041, -0.14189109206199646, 0.009011208079755306, 0.05674126744270325, 0.04165404289960861, 0.053876686841249466, 0.028482455760240555, -0.07149936258792877, -0.04218168556690216, 0.013242307119071484, 0.0692010447382927, 0.14618301391601562, -0.05481976270675659, -0.038713641464710236, 0.11291474103927612, 0.03509894013404846, -0.03733783960342407, -0.04218200966715813, -0.034328702837228775, -0.16151748597621918, -0.1491474211215973, 0.1394331455230713, -0.07043593376874924, 0.04242558032274246, -0.08228521794080734, 0.01647220179438591, 0.025985809043049812, -0.30509862303733826, -0.16442252695560455, -0.15755882859230042, 0.10915268212556839, 0.11300763487815857, -0.16076485812664032, 0.04740013927221298, -0.08002150058746338, 0.13323086500167847, -0.021181641146540642, -0.004200529772788286, -0.08017927408218384, -0.03929087147116661, -0.08797740191221237, -0.03244394063949585, -0.05651925131678581, 0.04074586555361748, 0.007186714094132185, -0.09463583678007126, 0.03901485353708267, -1.0757609605789185, -0.09461793303489685, 0.13889287412166595, 0.06874482333660126, -0.0810786560177803, 0.043004848062992096, 0.023623278364539146, 0.005951516330242157, -0.16290849447250366, -0.0799933448433876, -0.03339388594031334, -0.04827753081917763, 0.00467295665293932, 0.07967401295900345, -0.10091157257556915, 0.07439301162958145, -0.14093460142612457, -0.0002048742608167231, 0.08531907200813293, -0.06084106117486954, 0.05487607419490814, -0.058409515768289566, -0.008114447817206383]"
A lonely artist living in a small town starts receiving mysterious letters from an anonymous admirer. The correspondence leads to a surprising and life-changing revelation.,"[0.09866689890623093, 0.15873636305332184, -0.1548169106245041, 0.08215951174497604, 0.04006576910614967, 0.045643895864486694, 0.0046230205334723, -0.12887105345726013, 0.02448613941669464, 2.2501001358032227, -0.1382398009300232, 0.09252988547086716, -0.11118831485509872, -0.13539908826351166, -0.030184514820575714, 0.003177822567522526, -0.04151513800024986, 1.055821180343628, -0.007602546829730272, -0.09092266857624054, -0.014790617860853672, -0.13513854146003723, -0.11697964370250702, 0.12038974463939667, 0.1347641795873642, 0.035064198076725006, 0.04073160141706467, 0.06519483029842377, 0.02228090912103653, 0.06667809188365936, -0.02251616306602955, 0.16527609527111053, -0.20409493148326874, -0.047575145959854126, 0.11527790129184723, -0.01008352730423212, -0.02964368648827076, -0.0589824803173542, 0.018438931554555893, -0.19669075310230255, 0.14011938869953156, 0.11152434349060059, 0.0547034777700901, -0.12956616282463074, -0.0285729318857193, 0.02151980809867382, -0.018565060570836067, 0.017633382230997086, -0.010225139558315277, -0.05019282549619675, -0.03675420954823494, 0.01667078770697117, -0.03410192206501961, -0.058677081018686295, 0.08054247498512268, 0.009022760204970837, 0.04391206428408623, -0.022485515102744102, 0.06797792762517929, -0.09839960932731628, 0.03703434765338898, 0.053270794451236725, 0.015446924604475498, -0.022006405517458916, -0.07331175357103348, -0.05573906749486923, -0.09432602673768997, 0.059138283133506775, -0.04955560341477394, 0.25427159667015076, -0.02579958364367485, -0.008135346695780754, -0.03287195786833763, 0.009872895665466785, -0.005189174320548773, 0.019303694367408752, 0.004247509874403477, -0.1255609542131424, -0.17683695256710052, 0.10550175607204437, 0.04910346865653992, 0.07144864648580551, -0.10872873663902283, -0.008767914026975632, -0.06807903945446014, -0.18344788253307343, -0.07093686610460281, -0.03981896862387657, 0.10853300243616104, -0.06321179121732712, -0.15125726163387299, 0.09808795154094696, -0.09778278321027756, -0.035658642649650574, -0.028444144874811172, -0.013104966841638088, -0.04635436832904816, -0.10821463167667389, -0.01077568344771862, -0.11870293319225311, 0.025160472840070724, -0.0057480172254145145, -0.010093205608427525, -0.06507792323827744, 0.09792803227901459, -0.656004786491394, 0.05494373291730881, 0.15207496285438538, 0.1318865865468979, -0.00199503218755126, 0.17201951146125793, 0.004535412881523371, 0.08290804177522659, -0.10562362521886826, -0.07362259924411774, 0.07520076632499695, -0.13758441805839539, 0.08697433024644852, 0.04037022218108177, 0.038357481360435486, -0.01855785958468914, -0.10050345957279205, -0.010315656661987305, -0.06097310408949852, 0.07012476027011871, 0.021518994122743607, -0.020417604595422745, -0.012718635611236095]"
"In an ancient civilization, a young scholar discovers a prophecy that foretells the end of the world. She embarks on a dangerous quest to prevent the prophecy from becoming reality.","[0.11397088319063187, 0.05338191241025925, -0.07678604871034622, 0.062090013176202774, 0.06243780255317688, -0.07724664360284805, -0.09581703692674637, 0.05800306051969528, -0.04176054894924164, 2.3062310218811035, -0.19528615474700928, -0.04448264464735985, -0.04681885614991188, 0.0420774444937706, -0.027927109971642494, -0.0828646719455719, -0.03613024204969406, 0.7928869724273682, -0.109639473259449, -0.0104542700573802, 0.05271373316645622, -0.0686129778623581, -0.10451684147119522, 0.11663363873958588, 0.11286979168653488, 0.0339270643889904, 0.01456313394010067, 0.07869146764278412, -0.11248788237571716, 0.13604427874088287, -0.0286630280315876, 0.047406479716300964, -0.04476742818951607, 0.05886625498533249, 0.20952633023262024, 0.0112532963976264, 0.033773668110370636, -0.05599832907319069, 0.011423394083976746, -0.09554030746221542, 0.10354305803775787, 0.09975966811180115, 0.05663982033729553, -0.12488386780023575, 0.04642033949494362, -0.08683610707521439, -0.06611742824316025, -0.02468922920525074, -0.05898717790842056, -0.05975112318992615, -0.01914750225841999, 0.11165012419223785, -0.11254418641328812, -0.030555352568626404, 0.041813891381025314, 0.0381200909614563, 0.09017676115036011, -0.004266978707164526, 0.07992187142372131, -0.09925659745931625, 0.016938354820013046, 0.0304240882396698, 0.07204361259937286, -0.09117748588323593, 0.027193758636713028, -0.07517074048519135, 0.0026855450123548508, 0.02805148810148239, -0.01714678667485714, 0.17064467072486877, -0.048032402992248535, -0.1472136378288269, -0.002438356401398778, -0.08124122023582458, -0.015931693837046623, -0.01530113909393549, -0.0801868811249733, -0.1043865755200386, -0.11899382621049881, 0.16606758534908295, -0.013041001744568348, 0.06745749711990356, -0.11946000158786774, 0.08199142664670944, 0.07168790698051453, -0.3083570897579193, -0.20144231617450714, -0.1944500058889389, -0.01848483458161354, 0.06307206302881241, -0.13845281302928925, 0.08728669583797455, -0.09647392481565475, 0.01727212406694889, -0.0485517792403698, 0.04317639768123627, -0.017407575622200966, -0.11967886984348297, 0.029379813000559807, -0.06358276307582855, 0.07150214910507202, -0.016065502539277077, -0.037556663155555725, -0.05592471361160278, -0.03393520787358284, -0.8680346012115479, -0.08294123411178589, 0.2019757628440857, 0.16824853420257568, -0.06784328073263168, 0.058348897844552994, 0.007082659285515547, 0.0021285468246787786, -0.1613973081111908, -0.07279402017593384, 0.08765359222888947, -0.1457074135541916, 0.15233027935028076, 0.005516025237739086, -0.10421347618103027, -0.006949271075427532, -0.08124497532844543, 0.00788141880184412, -0.0033340624067932367, 0.017501242458820343, 0.09724225103855133, -0.0899730920791626, -0.09742285311222076]"
"A once-wealthy family loses everything in a financial crisis. The story follows their struggle to survive, rebuild their lives, and rediscover what truly matters in the face of adversity.","[-0.005672616418451071, 0.17610156536102295, -0.05807100608944893, 0.028383368626236916, -0.0014970818301662803, -0.10668244957923889, -0.0318453311920166, 0.03914466127753258, 0.026310361921787262, 2.5285520553588867, -0.23525865375995636, -0.025815296918153763, 0.01592637039721012, 0.03345252946019173, -0.06855257600545883, 0.02500608004629612, -0.04501114785671234, 0.8787974715232849, -0.13831549882888794, 0.06646665185689926, -0.038649749010801315, -0.1279558688402176, 0.012625002302229404, -0.00416589668020606, 0.09994218498468399, 0.04759659990668297, 0.026562988758087158, 0.07350126653909683, -0.0924205631017685, -0.005923681426793337, -0.05040765553712845, 0.069587342441082, -0.15909098088741302, -0.0014417999191209674, 0.22082304954528809, -0.007865340448915958, 0.12634575366973877, -0.00783541053533554, -0.04888051748275757, -0.0226002037525177, 0.014392443932592869, 0.036052048206329346, 0.0565885491669178, -0.07924477756023407, -0.010356459766626358, -0.04164736717939377, -0.09940624982118607, 0.027405861765146255, 0.04153309389948845, 0.04445970803499222, -0.019000714644789696, 0.03472274914383888, -0.05815853923559189, -0.021296430379152298, 0.02572076953947544, 0.09824953228235245, -0.03468131646513939, -0.012679720297455788, 0.11615519970655441, -0.09429925680160522, 0.04792429506778717, 0.031116414815187454, -0.06332596391439438, 0.04398483410477638, 0.07484577596187592, -0.08901189267635345, -0.03519443795084953, 0.064449742436409, 0.0777597650885582, 0.12053956836462021, -0.001452924101613462, 0.05263973027467728, 0.029406657442450523, 0.0536973662674427, -0.03261059522628784, 0.12104057520627975, 0.0838659256696701, -0.114065021276474, -0.023270748555660248, 0.020515257492661476, -0.030707627534866333, 0.11802656948566437, -0.09595686942338943, -0.0556412972509861, -0.0035238321870565414, -0.14593563973903656, -0.17563046514987946, -0.1726437360048294, 0.1391531527042389, 0.09737979620695114, -0.21259649097919464, 0.13323228061199188, -0.07655104249715805, 0.07652589678764343, 0.10252843797206879, 0.0187446940690279, -0.10748711228370667, -0.10267680883407593, -0.03184729814529419, -0.032048966735601425, 0.026340845972299576, 0.028926290571689606, -0.06239546462893486, -0.13881003856658936, 0.0283427145332098, -0.7700753211975098, 0.04336950555443764, 0.11822282522916794, 0.06911209225654602, -0.0351061150431633, 0.08238928765058517, -0.04046672210097313, 0.02793733961880207, -0.16558463871479034, -0.07408475875854492, -0.07051493227481842, -0.02247759699821472, 0.010557546280324459, -0.010445154272019863, -0.0696440190076828, -0.009671767242252827, -0.0928095132112503, -0.026453444734215736, 0.05163179337978363, 0.0665406659245491, 0.025572622194886208, -0.04290098324418068, -0.08119478076696396]"
"A detective and his partner race against time to catch a serial killer who leaves cryptic clues at each crime scene. The case becomes personal as the killer taunts them, testing their resolve.","[-0.03601102530956268, 0.09921735525131226, -0.18002136051654816, 0.006301639601588249, 0.05623402073979378, -0.0589974969625473, -0.007636737544089556, -0.08292350172996521, -0.006930613424628973, 2.336249589920044, -0.11161540448665619, -0.03528852015733719, 0.06292995810508728, -0.05779040604829788, -0.048575181514024734, -0.038859084248542786, -0.02176854759454727, 0.8888685703277588, -0.08395496755838394, -0.1097801998257637, -0.0010265824384987354, -0.07715070992708206, -0.03503267094492912, -0.0380508154630661, 0.08397094160318375, 0.052002329379320145, 0.035062238574028015, -0.031939879059791565, 0.08093384653329849, -0.06407979130744934, -0.035389162600040436, 0.02026873640716076, -0.10124707221984863, 0.07739569991827011, 0.1417361944913864, -0.09540044516324997, 0.023735757917165756, 0.04371202364563942, -0.023398585617542267, -0.14596235752105713, 0.06696999818086624, -0.03614877909421921, 0.09484697133302689, -0.158064067363739, 0.09898602962493896, -0.00136026821564883, -0.07695911824703217, 0.07203011959791183, -0.04552266746759415, 0.0406813770532608, 0.06513703614473343, 0.01875966787338257, -0.05176499858498573, 0.05862497538328171, -0.1291143298149109, 0.12447451055049896, -0.028236111626029015, 0.02835667133331299, -0.010302717797458172, -0.019593296572566032, 0.036386534571647644, 0.0915846973657608, -0.009200867265462875, 0.08863769471645355, 0.050993725657463074, -0.07230730354785919, -0.04238748550415039, 0.03445924445986748, 0.03567956015467644, 0.07802481949329376, 0.004237393848598003, 0.024099839851260185, 0.14432598650455475, 0.01878594607114792, -0.10796304792165756, -0.07158733159303665, 0.1272851675748825, -0.27584168314933777, 0.011375335976481438, 0.08565858751535416, -0.03382110595703125, -0.045266538858413696, -0.08473992347717285, -0.12828126549720764, 0.02805936336517334, -0.11929620802402496, -0.025699254125356674, -0.09380563348531723, 0.15203499794006348, 0.03638294339179993, -0.09524516761302948, 0.14054147899150848, 0.022634468972682953, 0.03624697029590607, -0.002781533170491457, -0.16331814229488373, -0.03273063153028488, 0.0012225699611008167, -0.0058334143832325935, -0.002784548094496131, -0.01951088011264801, 0.02247544750571251, 0.07571649551391602, -0.1768096685409546, 0.03835638239979744, -0.8252238035202026, 0.07839208841323853, 0.1230434849858284, 0.053114257752895355, 0.05221521481871605, 0.08322110772132874, 0.07942838966846466, 0.06514906138181686, 0.0567733570933342, -0.021798336878418922, 0.019451044499874115, 0.03361527621746063, 0.017102554440498352, 0.06466620415449142, 0.019245654344558716, 0.0309914480894804, -0.1066296398639679, -0.027570996433496475, -0.15405181050300598, -0.04387269169092178, 0.15684503316879272, -0.038962338119745255, 0.008291107602417469]"
"A young prince must navigate a treacherous court full of intrigue and betrayal to claim his rightful place on the throne. Along the way, he learns harsh lessons about power, loyalty, and sacrifice.","[-0.011871528811752796, 0.1304846853017807, -0.03998566046357155, 0.012806103564798832, 0.019571473821997643, -0.04464342072606087, 0.009117948822677135, 0.008480480872094631, 0.011703720316290855, 2.3355789184570312, -0.11512037366628647, 0.05192679166793823, -0.0427040234208107, 0.024143323302268982, -0.221757709980011, -0.030213559046387672, -0.07971193641424179, 0.7657178044319153, -0.1335022896528244, 0.05891459062695503, 0.013022629544138908, -0.10725898295640945, -0.052873529493808746, -0.007639262825250626, 0.08962026983499527, -0.010798214003443718, 0.06509073823690414, 0.029970040544867516, -0.03447561711072922, 0.042141031473875046, -0.03378023952245712, 0.08462793380022049, -0.12141738086938858, 0.07637001574039459, 0.13384099304676056, -0.12402022629976273, -0.01223128754645586, -0.02477121725678444, -0.0031031863763928413, -0.09915803372859955, -0.014786160551011562, 0.02768867276608944, 0.10378178209066391, -0.10802028328180313, 0.11129795759916306, -0.01879453845322132, -0.1189311072230339, 0.09108251333236694, 0.006928219459950924, -0.037684738636016846, -0.005840076133608818, 0.1328829526901245, -0.02235056273639202, 0.081854447722435, 0.009390532039105892, 0.13411805033683777, 0.012295683845877647, 0.04268350452184677, -0.032860640436410904, -0.09545369446277618, 0.04249592870473862, 0.10343951731920242, 0.014822106808423996, 0.04224013164639473, 0.028946813195943832, 0.09385150671005249, -0.03356010839343071, 0.037167858332395554, 0.03376826271414757, 0.06611829996109009, -0.0661102905869484, -0.024912292137742043, 0.04070420563220978, -0.031083203852176666, -0.021498238667845726, -0.030747046694159508, 0.06095224246382713, -0.0670790895819664, -0.044966597110033035, 0.029344215989112854, -0.08089923113584518, 0.05226071551442146, -0.1041676476597786, -0.027178484946489334, 0.05085389316082001, -0.12668733298778534, -0.07478179782629013, -0.126221165060997, 0.15493960678577423, 0.0694122239947319, -0.09889435768127441, -0.016775337979197502, -0.007243644446134567, 0.06293939799070358, 0.10160717368125916, -0.038570892065763474, -0.0728921964764595, -0.06052915006875992, -0.09964810311794281, 0.016572460532188416, 0.07700973004102707, -0.009713558480143547, -0.07882773876190186, -0.08069423586130142, -0.0036797900684177876, -0.833507239818573, -0.01000313088297844, 0.1425846815109253, 0.16765962541103363, -0.0559699647128582, 0.051022231578826904, -0.012102281674742699, 0.11479504406452179, -0.1187596544623375, -0.06842460483312607, -0.004663408268243074, 0.020023023709654808, -0.08787797391414642, -0.03542964905500412, -0.03411966189742088, 0.06853652745485306, -0.09057106822729111, -0.05961369723081589, 0.0850943922996521, -0.005635366775095463, 0.0814352035522461, -0.12263252586126328, -0.08619307726621628]"
"In a city ruled by corrupt politicians, an idealistic journalist uncovers a conspiracy that could change the course of history. The danger escalates as she becomes a target for those in power.","[-0.024786371737718582, 0.042744047939777374, -0.007323946338146925, 0.03705098107457161, 0.006947945337742567, -0.02250666916370392, -0.06858757883310318, -0.024905459955334663, -0.04141056537628174, 2.4400970935821533, -0.16918642818927765, 0.0007953456370159984, -0.031362466514110565, -0.012173420749604702, -0.12359421700239182, -0.13431772589683533, -0.06008336320519447, 0.8459484577178955, -0.0752914622426033, -0.10248661786317825, -0.022084031254053116, -0.17216064035892487, -0.08839817345142365, 0.000963290804065764, 0.139223113656044, 0.0012631696881726384, -0.04676720127463341, 0.05913790315389633, 0.009434451349079609, -0.0046040951274335384, -0.05292299762368202, 0.13309252262115479, -0.07694349437952042, 0.055455051362514496, 0.2377648800611496, -0.08443447202444077, 0.02359597012400627, -0.03271583467721939, -0.010578340850770473, -0.0867183580994606, 0.12136196345090866, 0.12951791286468506, 0.05366683006286621, -0.17049984633922577, 0.02006145566701889, -0.09293833374977112, -0.1114565059542656, -0.019025404006242752, -0.04899602755904198, -0.07475737482309341, -0.017312107607722282, 0.1280040740966797, -0.06331491470336914, 0.07157744467258453, 0.02395516447722912, 0.015158225782215595, 0.06126905232667923, -0.011463060975074768, 0.09528764337301254, -0.11056006699800491, -0.05083058029413223, 0.07259513437747955, -0.03048877976834774, 0.06908784061670303, 0.04625479876995087, -0.05920986458659172, -0.0354890339076519, 0.0059279147535562515, -0.014857941307127476, 0.05336788669228554, 0.003529338864609599, -0.03279015049338341, 0.07765301316976547, -0.044320374727249146, 0.010560974478721619, -0.09479335695505142, -0.04456672444939613, -0.07055569440126419, -0.08396939933300018, 0.16872520744800568, -0.1259443312883377, -0.01526209618896246, -0.08996881544589996, -0.03986578434705734, -0.009295979514718056, -0.1480872631072998, -0.17905382812023163, -0.23998287320137024, 0.11331988871097565, 0.054826200008392334, -0.09365610778331757, 0.12012816965579987, -0.0292170662432909, 0.057053301483392715, 0.018323279917240143, -0.09221740067005157, -0.06162502244114876, 0.0213492289185524, -0.008721700869500637, -0.07942656427621841, 0.008624736219644547, 0.06446322053670883, -0.0458083413541317, -0.08374517410993576, 0.11745011806488037, -0.9311671853065491, -0.0636579841375351, 0.08698729425668716, 0.0667189285159111, 0.052655238658189774, 0.00601561414077878, -0.03164496272802353, -0.01124449074268341, -0.06929392367601395, -0.1186320036649704, 0.03144746646285057, -0.10097016394138336, 0.04109251871705055, -0.05750333145260811, -0.09118762612342834, -0.039675530046224594, -0.09045042097568512, -0.06999091058969498, -0.03394092991948128, -0.00841445755213499, 0.05469226464629173, -0.024012144654989243, -0.1285279095172882]"
"A soldier returns home after a long deployment, only to find that his small town has changed in ways he never expected. As he adjusts to civilian life, he uncovers long-hidden secrets from his past.","[0.06050240620970726, 0.24883314967155457, -0.10090010613203049, 0.0015718035865575075, 0.08543660491704941, -0.019321510568261147, -0.10110170394182205, -0.10536310076713562, 0.009807955473661423, 2.515184164047241, -0.18026103079319, 0.065528005361557, -0.03572171553969383, -0.0575406439602375, -0.13731765747070312, 0.001266689971089363, -0.009415028616786003, 0.9341806769371033, -0.08573751151561737, -0.06669635325670242, 0.0018605473451316357, -0.07414387166500092, -0.06390807032585144, -0.036359578371047974, 0.04029935225844383, 0.009303683415055275, -0.01956281065940857, -0.04011806473135948, -0.017899319529533386, 0.028260676190257072, -0.0888357013463974, 0.025600403547286987, -0.16496936976909637, 0.009089953266084194, 0.12410267442464828, -0.12420324236154556, 0.07952124625444412, 0.03671858459711075, 0.020193783566355705, -0.059222511947155, 0.06033490225672722, 0.0022569720167666674, 0.19889484345912933, -0.14102201163768768, 0.033168237656354904, 0.10008329153060913, -0.09487927705049515, -0.04188419133424759, 0.007779179606586695, 0.017007751390337944, -0.03618951141834259, -0.021122170612215996, -0.11802244186401367, 0.07624953240156174, 0.03831234946846962, 0.13096706569194794, 0.0884670689702034, -0.05333706736564636, 0.1517380326986313, -0.09425409883260727, 0.03315315395593643, -0.020475298166275024, 0.021381929516792297, 0.15976284444332123, 0.10552271455526352, -0.06532518565654755, -0.06837181001901627, 0.05416914448142052, -0.0020570980850607157, 0.1500227451324463, -0.03651787340641022, 0.011323590762913227, 0.05084436759352684, -0.02172725461423397, -0.02650536224246025, -0.02521415241062641, 0.11810425668954849, -0.12351535260677338, -0.1059703677892685, 0.1426752358675003, -0.013893121853470802, 0.07699935883283615, -0.14200599491596222, 0.005885233636945486, -0.0075951567851006985, -0.15672723948955536, -0.048182401806116104, -0.15153001248836517, 0.2390054613351822, 0.055309899151325226, -0.0524715855717659, 0.04925771430134773, -0.09106655418872833, -0.019040152430534363, 0.03341136500239372, -0.07837922126054764, -0.007639874238520861, -0.05880871042609215, -0.05929268151521683, -0.08896104246377945, -0.012329607270658016, 0.12755455076694489, -0.038149915635585785, -0.03136879578232765, -0.006809663493186235, -0.7446050643920898, 0.03995570167899132, 0.09694679826498032, 0.05878746137022972, 0.002800932852551341, 0.06306500732898712, -0.0016906814416870475, 0.022526388987898827, -0.030573761090636253, -0.0326254703104496, 0.05309685319662094, 0.04294417425990105, 0.01115300040692091, -0.0014864708064123988, -0.058509960770606995, 0.038307514041662216, -0.036020297557115555, 0.03521639481186867, 0.04829314351081848, -0.020052416250109673, -0.011887729167938232, -0.0824165940284729, -0.1006806269288063]"
"A young girl is trapped in a time loop, reliving the same day over and over. As she struggles to break free, she discovers that the key to escaping lies within her own choices and actions.","[0.06865260750055313, 0.15068915486335754, -0.12432155758142471, 0.041475243866443634, 0.08129975199699402, -0.02021353505551815, -0.0759567990899086, -0.05458351969718933, 0.04393596947193146, 2.4349069595336914, -0.14773717522621155, 0.06501750648021698, -0.03161550313234329, -0.08098872005939484, -0.07807595282793045, -0.021720534190535545, -0.03987697511911392, 0.9986211657524109, -0.15878638625144958, -0.010621427558362484, -0.010206456296145916, -0.08749586343765259, -0.1190054640173912, -0.015781041234731674, 0.05924401804804802, 0.059148918837308884, 0.01748858578503132, -0.045092981308698654, -0.0024069552309811115, -0.04177927225828171, -0.041177310049533844, 0.05713125318288803, -0.1129663735628128, 0.02007325179874897, 0.22233963012695312, -0.12015323340892792, 0.0659235343337059, -0.0016861341428011656, -0.02375034987926483, -0.08311785757541656, 0.08039182424545288, 0.027278084307909012, 0.007441745139658451, -0.1119956523180008, -0.017869148403406143, 0.038400597870349884, -0.12907013297080994, -0.0050746058113873005, -0.029898598790168762, -0.037482850253582, -0.02488737180829048, 0.016006695106625557, -0.13519184291362762, 0.03063696064054966, 0.04804954677820206, 0.08808914572000504, 0.008026154711842537, -0.008714372292160988, 0.06500653922557831, -0.057599373161792755, 0.09897854179143906, 0.010783320292830467, -0.032607246190309525, 0.033888839185237885, 0.04311610013246536, -0.08043166995048523, -0.03788965195417404, 0.09880410134792328, 0.06253141909837723, 0.11508946120738983, -0.02706526592373848, 0.0379595048725605, 0.12537804245948792, -0.007596604526042938, 0.0297175794839859, 0.012566027231514454, 0.07781082391738892, -0.11556713283061981, -0.07355546206235886, 0.037236422300338745, 0.004626864101737738, 0.08251985907554626, -0.21256248652935028, -0.05318944528698921, 0.051591675728559494, -0.1318410336971283, 0.010300968773663044, -0.03412070870399475, 0.1674843728542328, 0.12389761209487915, -0.14765720069408417, 0.10566739737987518, -0.02866331860423088, 0.009654338471591473, 0.02437654323875904, -0.02728632092475891, -0.0581691637635231, -0.010779318399727345, -0.0594034306704998, -0.09001384675502777, 0.09714137762784958, 0.06453187763690948, -0.08874690532684326, -0.1396903097629547, 0.03744765371084213, -0.7606889605522156, 0.013271009549498558, 0.09621533006429672, 0.03723903372883797, -0.02251267060637474, 0.0768234133720398, -0.055007267743349075, 0.013734163716435432, -0.07067950814962387, -0.020526688545942307, -0.07889928668737411, -0.008469825610518456, 0.13073256611824036, 0.024458754807710648, 0.018323015421628952, 0.04048093408346176, -0.13055047392845154, 0.003526700660586357, 0.011461950838565826, -0.022226927801966667, 0.07465652376413345, -0.09972845762968063, -0.07185819745063782]"
"An old man tells the story of his life, full of adventure, heartbreak, and triumph. His memories take him on a journey through time, as he reflects on the moments that shaped who he became.","[0.10225632041692734, 0.22224049270153046, -0.08509024977684021, -0.029197733849287033, 0.05499488115310669, 0.05930154398083687, -0.08215268701314926, -0.07121018320322037, -0.011722116731107235, 2.5728585720062256, -0.1197979524731636, 0.1014939546585083, -0.0034447007346898317, -0.032496921718120575, -0.12124661356210709, -0.01866661198437214, -0.033969953656196594, 0.8358532786369324, -0.11971154063940048, 0.008450837805867195, 0.014880099333822727, -0.10002996027469635, -0.04627946391701698, -0.016499025747179985, 0.1145065501332283, 0.018583863973617554, 0.10163523256778717, 0.009511763229966164, -0.03731853514909744, 0.09019964933395386, -0.059292472898960114, 0.028411703184247017, -0.2037741243839264, 0.11920549720525742, 0.10414720326662064, -0.08752328902482986, -0.015437877736985683, -0.021959668025374413, -0.03788047283887863, 0.004655218683183193, 0.024415507912635803, 0.03327314928174019, 0.031225737184286118, -0.10451588034629822, 0.08002089709043503, 0.008580311201512814, -0.1324102282524109, -0.01911795511841774, 0.07542137056589127, 0.00967100914567709, 0.028636761009693146, -5.926409721723758e-05, -0.04675320163369179, 0.05082631856203079, -0.025313725695014, 0.14637869596481323, 0.007686039432883263, 0.0208587609231472, 0.0571596622467041, -0.11811953037977219, 0.02125879004597664, 0.05977408587932587, -0.0016656466759741306, 0.1740080714225769, -0.05628019571304321, -0.08433160930871964, 0.04177214577794075, 0.03444141522049904, -0.0010593824554234743, 0.20127081871032715, 0.012734035030007362, -0.06647321581840515, 0.018604060634970665, 0.002844268223270774, -0.05645332857966423, 0.028617490082979202, 0.08782214671373367, -0.061979539692401886, -0.07303439825773239, 0.1325550526380539, -0.012129459530115128, 0.10687804967164993, -0.10771451145410538, 0.005105890799313784, 0.058536041527986526, -0.3017575144767761, -0.12529948353767395, -0.14190931618213654, 0.19757035374641418, 0.07479798793792725, -0.13735291361808777, 0.007881123572587967, -0.0545973964035511, 0.047589175403118134, 0.05872531607747078, -0.12262309342622757, -0.05094088986515999, -0.07145118713378906, -0.14456509053707123, -0.10157062858343124, 0.07573481649160385, -0.003765764646232128, -0.13608862459659576, -0.164800763130188, -0.03497926890850067, -0.555311918258667, 0.0069241574965417385, 0.18054358661174774, 0.20132185518741608, -0.048102132976055145, 0.045059237629175186, -0.015661515295505524, 0.015219592489302158, -0.16209271550178528, -0.03111054189503193, -0.10690227150917053, -0.018726486712694168, 0.07639963179826736, 0.09265422821044922, -0.037018030881881714, 0.09225844591856003, -0.057580411434173584, -0.0065538957715034485, 0.1282547563314438, 0.02893124520778656, 0.11205882579088211, -0.1109640970826149, -0.10197021067142487]"
"A womans life is turned upside down when she receives a letter from her estranged mother, inviting her to a family reunion. The journey forces her to confront her past and come to terms with old wounds.","[0.0850815400481224, 0.13470883667469025, -0.13768349587917328, 0.1602969765663147, 0.10835270583629608, -0.11164590716362, -0.017183031886816025, -0.15113429725170135, 0.0030310023576021194, 2.619304656982422, -0.16678465902805328, 0.11263405531644821, -0.03457896411418915, -0.10105520486831665, -0.15072880685329437, -0.04054243862628937, -0.07856890559196472, 0.8048365712165833, -0.13822942972183228, 0.0070223393850028515, 0.011045008897781372, -0.08034123480319977, -0.1458660066127777, 0.06407789140939713, 0.11103040724992752, 0.09743959456682205, 0.022991228848695755, -0.03847038745880127, -0.08808840066194534, -0.0831742137670517, -0.035156071186065674, 0.10705722123384476, -0.10025248676538467, 0.03489726781845093, 0.20152337849140167, -0.12353499233722687, 0.08301844447851181, -0.06483899056911469, 0.05453759804368019, -0.1906171292066574, 0.11709855496883392, 0.009213168174028397, 0.05673300847411156, -0.1652987003326416, 0.010119330137968063, 0.06108797341585159, -0.14407168328762054, -0.1095745712518692, 0.023595839738845825, 0.014444169588387012, -0.08145331591367722, 0.017765220254659653, -0.12582942843437195, -0.030138125643134117, 0.029362555593252182, 0.1154676303267479, -0.05555247515439987, 0.04979754611849785, -0.01847890391945839, -0.0290256105363369, 0.06275077164173126, 0.022480705752968788, 0.05758466199040413, 0.03225206956267357, -1.9431841792538762e-05, -0.016805991530418396, -0.04448489472270012, 0.10073723644018173, 0.12131574749946594, 0.20615606009960175, -0.06605279445648193, -0.000685802660882473, 0.011514205485582352, -0.01951797492802143, 0.002296636113896966, 0.06396621465682983, 0.10854727029800415, -0.15575166046619415, -0.11117023229598999, -0.043191224336624146, 0.012740075588226318, 0.07719086855649948, -0.22913700342178345, 0.027365006506443024, 0.026898307725787163, -0.21163460612297058, -0.005488412920385599, -0.11321171373128891, 0.21645039319992065, 0.07793564349412918, -0.2013731449842453, 0.10919587314128876, -0.01743711531162262, -0.019143380224704742, -0.048554256558418274, -0.015761220827698708, -0.004816728178411722, -0.02764623425900936, -0.05280216783285141, -0.09088665246963501, 0.05396879091858864, 0.07415692508220673, -0.013761976733803749, -0.20906497538089752, -0.0680575966835022, -0.6629656553268433, 0.011646467261016369, 0.1372939944267273, 0.06138982996344566, -0.04553596302866936, 0.025393730029463768, 0.05588442459702492, 0.07686644792556763, -0.023134581744670868, -0.021849950775504112, -0.07628921419382095, 0.0066322581842541695, 0.05688721314072609, 0.16787590086460114, 0.08538883924484253, 0.041330013424158096, -0.04976354166865349, 0.015955911949276924, 0.00859722588211298, 0.0071458760648965836, 0.10884775966405869, -0.07755745947360992, -0.08338680863380432]"
"In a world where dreams can be manipulated, a group of dream hunters must navigate a dangerous landscape to capture elusive dreams for wealthy clients. But one hunter has plans of her own.","[0.030914701521396637, 0.06739622354507446, -0.14578139781951904, -0.03574966639280319, 0.05533355474472046, -0.012128748930990696, -0.012558503076434135, -0.009277152828872204, -0.05021321401000023, 2.3791885375976562, -0.2580493688583374, 0.012461859732866287, -0.08084496855735779, 1.1226783499296289e-05, -0.035531140863895416, -0.09571166336536407, -0.02608220838010311, 1.05441415309906, -0.1210561990737915, 0.0008963278960436583, -0.02033326029777527, -0.11804492026567459, -0.15292344987392426, -0.03431914001703262, -0.005644071381539106, 0.08572704344987869, 0.10214202851057053, -0.00572288827970624, -0.0018018265254795551, 0.04899923875927925, 0.003027142956852913, -0.009207308292388916, -0.08018762618303299, 0.06893756240606308, 0.15801739692687988, -0.12337616086006165, 0.11759962141513824, -0.031052401289343834, -0.05738372355699539, -0.1104002371430397, 0.04006302356719971, 0.060404036194086075, 0.07719750702381134, -0.1184118464589119, 0.0045516956597566605, -0.0641622394323349, -0.07436956465244293, -0.0352102555334568, 0.045963287353515625, 0.019660688936710358, -0.1017695963382721, 0.03567052632570267, -0.10898113250732422, 0.032670628279447556, 0.0576511025428772, 0.0730019137263298, -0.025856105610728264, 0.07043769210577011, 0.08887974172830582, -0.04105130583047867, 0.006039770785719156, 0.05524318665266037, -0.04897921904921532, 0.13514405488967896, 0.021051138639450073, 0.0032815299928188324, 0.004369877278804779, 0.04999309778213501, -0.035488203167915344, 0.055882055312395096, 0.01566252112388611, -0.021111972630023956, 0.059340424835681915, 0.013560600578784943, -0.017789112403988838, -0.049891628324985504, -0.017424680292606354, -0.08939699828624725, -0.04740162193775177, 0.13330207765102386, -0.15140509605407715, 0.03761518746614456, -0.16834011673927307, 0.007586723193526268, 0.019383780658245087, -0.12913046777248383, -0.14656962454319, 0.05488354712724686, 0.22832298278808594, 0.012558205053210258, -0.16989608108997345, 0.09952975064516068, -0.05514528974890709, 0.035017888993024826, -0.028084125369787216, 0.006700547877699137, -0.04665319249033928, -0.007520081475377083, -0.08022613823413849, 0.041978467255830765, 0.008372638374567032, 0.07443535327911377, -0.03481098264455795, -0.11034689098596573, 0.0527338907122612, -0.8686119914054871, 0.05796625837683678, 0.06125635653734207, 0.034041743725538254, 0.0685020387172699, 0.16247914731502533, -0.047767750918865204, 0.09079937636852264, -0.14226222038269043, -0.04182624816894531, 0.06619682908058167, 0.025264304131269455, 0.1501966118812561, 0.02820739522576332, -0.02099091187119484, 0.05233432352542877, -0.060632213950157166, 0.041597865521907806, -0.03930680453777313, 0.144944429397583, 0.039985109120607376, -0.030059026554226875, -0.11800038814544678]"
"A young couple moves to a remote village, where they uncover strange occurrences and secrets that the townspeople are desperate to keep hidden. They must decide whether to flee or uncover the truth.","[0.07599860429763794, 0.011504247784614563, -0.20840318500995636, 0.011058349162340164, 0.021687928587198257, -0.018262382596731186, -0.07680225372314453, -0.033445585519075394, 0.006445553619414568, 2.381848096847534, -0.1844392865896225, -0.0038343071937561035, -0.008647169917821884, -0.050434693694114685, -0.1251361072063446, -0.060113146901130676, -0.11739107966423035, 0.9459332227706909, -0.15395620465278625, -0.08615773916244507, 0.1054789200425148, -0.0706791952252388, -0.07147391140460968, 0.006471153348684311, -0.019280053675174713, 0.02520364709198475, -0.04080936685204506, -0.021369941532611847, -0.02741486392915249, -0.07310240715742111, -0.055641207844018936, 0.0033878071699291468, -0.12279578298330307, 0.07373858243227005, 0.18234854936599731, -0.06101544201374054, 0.056550901383161545, 0.12478044629096985, 0.003143091220408678, -0.12237516790628433, -0.11222516000270844, -0.009399225935339928, 0.1102776750922203, -0.1496274471282959, 0.046770066022872925, -0.018402807414531708, -0.034537095576524734, -0.003120891749858856, -0.028612567111849785, -0.026231369003653526, -0.03838058188557625, 0.044072967022657394, -0.10065427422523499, 0.04027585685253143, 0.11336742341518402, 0.07024972885847092, 0.028210358694195747, -0.0035391917917877436, 0.011742058210074902, 0.1003241091966629, 0.06846305727958679, 0.053758472204208374, -0.03359176218509674, 0.021652141585946083, 0.005435775499790907, 0.04428566247224808, -0.03825750574469566, 0.04351763799786568, 0.0821937695145607, 0.10099347680807114, 0.04276822879910469, 0.11412087827920914, 0.19368599355220795, -0.06494539231061935, 0.10611649602651596, -0.09108646959066391, 0.04423409327864647, -0.18964213132858276, 0.009670189581811428, 0.047538891434669495, -0.04588455334305763, -0.02923690341413021, -0.2520328462123871, -0.05717486888170242, 0.06994655728340149, -0.10311823338270187, -0.023494699969887733, -0.0640776976943016, 0.17606277763843536, 0.10609808564186096, -0.15160848200321198, -0.014151889830827713, -0.04480467736721039, -0.008776749484241009, 0.059505999088287354, 0.05987599864602089, -0.11600116640329361, -0.08522405475378036, -0.05861751735210419, -0.03193502873182297, 0.04891641065478325, 0.05062252655625343, 0.04721555858850479, -0.03334472328424454, 0.12726348638534546, -0.9879605770111084, -0.000705492973793298, 0.11126291751861572, 0.006839049980044365, 0.08284798264503479, 0.147040456533432, -0.03779248893260956, 0.0543973371386528, -0.06405683606863022, -0.012412458658218384, 0.049376230686903, 0.014866109006106853, 0.02809300273656845, -0.15656520426273346, -0.011274684220552444, 0.07155895233154297, -0.1634572595357895, -0.04430471360683441, -0.09603007137775421, 0.058685675263404846, -0.041638974100351334, -0.0023408622946590185, -0.07226048409938812]"
